{
  "epoch": [
    1,
    2,
    3,
    4,
    5,
    6,
    7,
    8,
    9,
    10,
    11,
    12,
    13,
    14,
    15,
    16,
    17,
    18,
    19,
    20,
    21,
    22,
    23,
    24,
    25,
    26,
    27,
    28,
    29
  ],
  "phase": [
    "scratch",
    "scratch",
    "scratch",
    "scratch",
    "scratch",
    "scratch",
    "scratch",
    "scratch",
    "scratch",
    "scratch",
    "scratch",
    "scratch",
    "scratch",
    "scratch",
    "scratch",
    "scratch",
    "scratch",
    "scratch",
    "scratch",
    "scratch",
    "scratch",
    "scratch",
    "scratch",
    "scratch",
    "scratch",
    "scratch",
    "scratch",
    "scratch",
    "scratch"
  ],
  "train_loss": [
    1.567221006863246,
    1.421572288202576,
    1.3055913446382688,
    1.2215867239597777,
    1.1442567345163437,
    1.0756148306710824,
    1.0146486367024299,
    0.9554855433306405,
    0.8970145325613881,
    0.8307792530707564,
    0.7634987000455248,
    0.6958727946355573,
    0.6224583426395922,
    0.5421238300648141,
    0.4775626106270011,
    0.41342742941090793,
    0.35550191630220646,
    0.30472395955638293,
    0.27059513710914773,
    0.2418588041259302,
    0.21825913993455776,
    0.20141334706115643,
    0.18644403205321775,
    0.17310610123332315,
    0.16988281727007876,
    0.15452335206349724,
    0.15401960457423655,
    0.14449869013359426,
    0.1391529210091686
  ],
  "train_acc": [
    0.26572729132569556,
    0.38507569558101473,
    0.45655175941080195,
    0.5045263911620295,
    0.5469772913256956,
    0.5821910801963993,
    0.6077894844517185,
    0.6347432487725041,
    0.658193535188216,
    0.6870396890343698,
    0.7161159983633388,
    0.7430697626841244,
    0.7738338788870703,
    0.801529255319149,
    0.8270253682487725,
    0.8518821603927987,
    0.8749488543371522,
    0.8934124386252046,
    0.9062244271685761,
    0.9160955400981997,
    0.9248925941080196,
    0.9308766366612111,
    0.934073240589198,
    0.939954991816694,
    0.9413614975450082,
    0.9478314238952537,
    0.9469619476268413,
    0.9489310556464812,
    0.9533040098199672
  ],
  "val_loss": [
    1.470926495353324,
    2.160323479883888,
    1.334555232985337,
    1.1358317592113314,
    1.2736028308349958,
    0.9893569075384763,
    1.0053858608931203,
    1.1847269936550442,
    0.9260567399963175,
    0.8730975124073642,
    0.8366249547893795,
    0.8200351640503919,
    0.934417861270859,
    0.7450928381072605,
    0.7638448079711321,
    0.7943702813879217,
    0.7238553290032863,
    0.7804974925250853,
    0.7130888026841891,
    0.7020986444064987,
    0.7498810834042163,
    0.8987147739857905,
    1.1921604077447638,
    0.5980912152079099,
    0.6147089304387371,
    0.6937341418474359,
    0.7364004620723515,
    0.8230003158024054,
    0.6692260317451112
  ],
  "val_acc": [
    0.3547925608011445,
    0.22758702908917502,
    0.4279923700524559,
    0.5306390081068193,
    0.47782546494992845,
    0.6075345731998093,
    0.5866714353838818,
    0.5131139723414402,
    0.6399618502622795,
    0.6670243204577968,
    0.6713161659513591,
    0.6868144969003338,
    0.6429422985216977,
    0.7360515021459227,
    0.7309251311397235,
    0.7350977587029089,
    0.7430853600381497,
    0.7376013352408202,
    0.776347162613257,
    0.7725321888412017,
    0.7843347639484979,
    0.7405817835002384,
    0.6894372913686219,
    0.8426323319027181,
    0.8392942298521697,
    0.8191463996185027,
    0.7966142107773009,
    0.7926800190748688,
    0.8426323319027181
  ]
}