{
  "epoch": [
    1,
    2,
    3,
    4,
    5,
    6,
    7,
    8,
    9,
    10,
    11,
    12,
    13,
    14,
    15,
    16,
    17
  ],
  "phase": [
    "frozen",
    "frozen",
    "frozen",
    "frozen",
    "frozen",
    "frozen",
    "frozen",
    "finetune",
    "finetune",
    "finetune",
    "finetune",
    "finetune",
    "finetune",
    "finetune",
    "finetune",
    "finetune",
    "finetune"
  ],
  "train_loss": [
    1.38357597560227,
    1.2827451506144871,
    1.2517408954921603,
    1.2259083666309787,
    1.2119637498488793,
    1.1987693717553847,
    1.1929056439579215,
    1.1337923545103807,
    0.9212788412691919,
    0.7482280145397748,
    0.5904269849122449,
    0.4449790352300029,
    0.3125547296116083,
    0.20663771403986966,
    0.130835632779887,
    0.0803516212097825,
    0.05322737584527698
  ],
  "train_acc": [
    0.41734860883797054,
    0.47859554009819966,
    0.4920212765957447,
    0.50682794599018,
    0.5124795417348609,
    0.5178498363338789,
    0.5203304009819967,
    0.5535495090016367,
    0.65185147299509,
    0.7300276186579379,
    0.8008387888707038,
    0.8594261456628478,
    0.9109554009819967,
    0.9481127250409165,
    0.9697984860883797,
    0.9832497954173486,
    0.9893617021276596
  ],
  "val_loss": [
    1.3467438206481661,
    1.2755961711485158,
    1.315549251518195,
    1.3119847962102493,
    1.3105647228533845,
    1.3451937874215072,
    1.341373233495011,
    1.0748705015503115,
    0.9736963557838882,
    0.839827431345418,
    0.7568626806218112,
    0.7719221128755714,
    0.6251223750153098,
    0.7467606980628949,
    0.4824898989927104,
    0.48929997615278137,
    0.5322106023544235
  ],
  "val_acc": [
    0.4513590844062947,
    0.4808059132093467,
    0.460896518836433,
    0.47031473533619456,
    0.47019551740581783,
    0.44814020028612306,
    0.45290891750119217,
    0.5783261802575107,
    0.62172150691464,
    0.6768001907486886,
    0.7172150691463997,
    0.7097043395326658,
    0.7846924177396281,
    0.7312827849308536,
    0.8594420600858369,
    0.8657606103958035,
    0.8586075345731998
  ]
}