{
  "epoch": [
    1,
    2,
    3,
    4,
    5,
    6,
    7,
    8,
    9,
    10,
    11,
    12,
    13,
    14,
    15,
    16,
    17,
    18,
    19,
    20,
    21
  ],
  "phase": [
    "frozen",
    "frozen",
    "frozen",
    "frozen",
    "frozen",
    "frozen",
    "frozen",
    "frozen",
    "frozen",
    "frozen",
    "frozen",
    "finetune",
    "finetune",
    "finetune",
    "finetune",
    "finetune",
    "finetune",
    "finetune",
    "finetune",
    "finetune",
    "finetune"
  ],
  "train_loss": [
    1.3587528636919886,
    1.305940403095439,
    1.2915563796038714,
    1.2919977509253544,
    1.293707280326787,
    1.2928284831015842,
    1.283431030431863,
    1.282887300570936,
    1.2854205708456898,
    1.2832401995768132,
    1.2806905365614571,
    1.121972303733888,
    0.959362881956241,
    0.8641817826296031,
    0.7858405787796514,
    0.7182607943414666,
    0.6527491923049702,
    0.5902194243211013,
    0.5310681774456255,
    0.46852356571027376,
    0.41325227555296035
  ],
  "train_acc": [
    0.42479030278232405,
    0.46038768412438624,
    0.46626943535188214,
    0.46736906710310966,
    0.46864770867430444,
    0.46805953355155483,
    0.4735576923076923,
    0.47506648936170215,
    0.4731229541734861,
    0.4743504500818331,
    0.47276493453355156,
    0.5556209083469722,
    0.6297821194762684,
    0.66944558101473,
    0.7048639525368249,
    0.7299509001636661,
    0.7591039279869067,
    0.7848557692307693,
    0.8104030278232406,
    0.8356689852700491,
    0.8592982815057283
  ],
  "val_loss": [
    1.272947773003385,
    1.271529353227738,
    1.247266129078499,
    1.198083464651376,
    1.2140923456231583,
    1.195041339057482,
    1.2620923565749504,
    1.239088224452282,
    1.2251190318342726,
    1.2596316867404513,
    1.1969032337907728,
    0.9790585967518911,
    0.892295876968231,
    0.8310461496675816,
    0.7866565488637716,
    0.7614270352612351,
    0.7336303308911704,
    0.6939132453489144,
    0.6628504518986204,
    0.6373832694365402,
    0.6198855579880004
  ],
  "val_acc": [
    0.4792560801144492,
    0.48652837386742964,
    0.49523128278493084,
    0.5133524082021936,
    0.5139484978540773,
    0.5151406771578445,
    0.48175965665236054,
    0.5025035765379113,
    0.5053648068669528,
    0.4754411063423939,
    0.5087029089175011,
    0.6200524558893658,
    0.6517644253695756,
    0.6800190748688603,
    0.6957558416785885,
    0.7100619933237959,
    0.7228183118741058,
    0.7448736289938007,
    0.7603719599427754,
    0.7703862660944206,
    0.7840963280877444
  ]
}